mean_temperature,min_temperature,max_temperature,mean_precipitation,mean_humidity,observations
45.0,45.0,45.0,0.0,7.0,1
40.3,40.3,40.3,0.0,14.0,1
37.8,37.8,37.8,0.0,11.0,1
34.0,34.0,34.0,0.0,44.0,1
32.97175925925926,15.2,46.3,0.002824074074074074,40.114583333333336,864
32.545496535796765,18.0,46.4,0.00040415704387990767,44.980369515011546,866
32.10104046242775,22.6,39.9,0.14041618497109828,58.994219653179194,865
31.830715935334876,18.0,46.3,0.003602771362586605,53.032332563510394,866
31.619768786127167,7.3,49.2,0.008023121387283238,27.53757225433526,865
31.515990730011588,23.3,47.1,0.02257242178447277,55.9188876013905,863
31.28369942196532,18.5,42.2,0.31173410404624274,48.69942196531792,865
31.2,31.2,31.2,0.0,71.0,1
31.122196531791907,6.1,46.3,0.0026358381502890175,17.99306358381503,865
31.100346620450605,21.1,39.3,0.2393587521663778,59.872328134026574,1731
30.65942196531792,22.8,36.4,0.5829826589595375,67.77803468208093,865
30.64097222222222,10.1,44.8,0.06364583333333333,45.111111111111114,864
30.598845265588913,20.0,38.4,0.4391108545034642,71.02886836027713,866
30.41849710982659,23.5,37.1,0.35823121387283235,70.52832369942196,865
30.20311778290993,14.3,45.3,0.00371824480369515,51.36374133949192,866
30.054387990762123,22.2,34.3,0.44166281755196307,73.635103926097,866
29.96016166281755,23.1,35.9,0.3508891454965358,69.2136258660508,866
29.794267515923565,11.4,44.2,0.01487550665894615,28.905037637521716,1727
29.725259515570933,2.0,49.1,0.016620530565167244,28.596309111880046,867
29.711574074074072,24.0,36.0,0.45917824074074076,75.22337962962963,864
29.7,29.7,29.7,0.0,24.0,1
28.923644752018454,15.1,45.0,0.05792387543252595,44.432525951557096,867
28.81651270207852,17.1,43.0,0.08846420323325635,44.25288683602771,866
28.802662037037038,7.8,45.0,0.09579861111111111,32.95023148148148,864
28.734682080924856,23.3,31.4,0.35295953757225434,81.50867052023122,865
28.659896133871896,18.0,34.5,0.4169532602423543,71.47028274668206,1733
28.630822711471613,23.1,33.4,0.12352259559675549,75.07879490150637,863
28.55,25.0,32.1,1.005,85.0,2
28.485185185185188,23.3,33.3,0.03364583333333333,75.8136574074074,864
28.429050925925928,24.0,32.3,0.4058912037037037,80.52199074074075,864
28.350461893764436,24.3,32.2,0.33515011547344115,80.64203233256352,866
28.285863267670916,24.1,32.3,0.3840092699884125,82.60254924681344,863
28.08263888888889,24.5,29.7,0.1120023148148148,74.85069444444444,864
27.955967555040555,24.6,29.8,0.22412514484356894,75.11935110081113,863
27.8,27.8,27.8,0.13,82.0,1
27.725086705202312,21.4,34.4,0.12317919075144508,81.82080924855491,865
27.7,27.7,27.7,0.0,52.0,1
27.587528868360277,15.1,41.5,0.06212471131639723,54.943418013856814,866
27.574015151515148,11.6,40.0,0.27186363636363636,68.33939393939394,1320
27.4,27.4,27.4,0.0,72.0,1
27.331293302540416,21.8,34.3,0.44471131639722866,84.25519630484989,866
27.28180764774044,22.6,32.0,0.13556199304750868,77.5260718424102,863
27.1,26.3,27.9,0.1,84.0,2
27.077093023255813,22.7,32.0,0.14332558139534884,82.49186046511628,860
27.05387283236994,19.6,37.9,0.12766473988439306,74.53410404624277,865
27.037037037037038,20.8,33.0,0.14140046296296296,79.86342592592592,864
27.03121387283237,20.3,31.2,0.1419190751445087,80.38959537572255,865
26.840993071593534,21.3,31.4,0.41802540415704387,80.41108545034642,866
26.826297577854675,21.1,33.2,0.08131487889273356,83.32064590542099,867
26.713310185185183,20.0,32.3,0.1278125,79.72685185185185,864
26.63707995365006,17.9,33.0,0.14436848203939745,77.64658169177288,863
26.608120649651973,20.0,35.3,0.12178654292343388,77.70649651972158,862
26.510611303344866,21.6,33.4,0.35074971164936564,87.83852364475202,867
26.435730858468677,21.0,31.4,0.1138399071925754,78.5754060324826,862
26.429084588644262,21.1,32.4,0.21826187717265355,72.10544611819235,863
26.407274826789838,18.7,39.4,0.1351501154734411,71.50577367205543,866
26.362993039443158,21.7,34.9,0.3448723897911833,74.32830626450117,862
26.35,25.7,27.0,0.0,64.5,2
26.284161849710983,14.2,42.0,0.08963005780346821,60.20346820809249,865
26.280693641618495,21.0,31.3,0.1756300578034682,83.79306358381503,865
26.246011560693642,18.7,34.1,0.0790635838150289,68.64046242774566,865
26.1,26.1,26.1,0.22,84.0,1
26.1,26.1,26.1,0.2,34.0,1
26.04860465116279,19.4,29.4,0.2885348837209302,85.46046511627907,860
26.03348783314021,19.9,37.5,0.11827346465816917,73.73232908458864,863
25.949248554913293,22.5,33.0,0.42106358381502884,83.45895953757226,865
25.89316338354577,18.9,37.8,0.11561993047508691,74.21552723059096,863
25.752723059096173,20.1,31.2,0.5092584009269988,82.64426419466976,863
25.68092485549133,21.1,33.0,0.3952369942196532,88.3364161849711,865
25.514368482039398,21.2,30.0,0.1824217844727694,90.27809965237543,863
25.393634259259258,11.1,42.4,0.0005208333333333333,45.53472222222222,864
25.35791907514451,17.2,38.0,0.32098265895953754,74.50751445086705,865
25.255196304849886,17.1,32.2,0.0301270207852194,77.16281755196304,866
25.2,25.2,25.2,0.0,71.0,1
25.18465974625144,17.4,33.3,0.16269896193771627,62.88119953863899,867
25.136964078794904,21.1,32.0,0.19130938586326768,88.55619930475086,863
25.025465116279072,12.3,32.0,0.22993023255813952,80.48255813953489,860
24.94618937644342,17.1,32.1,0.2252078521939954,84.2378752886836,866
24.93074245939675,17.0,36.4,0.18932714617169372,72.59744779582367,862
24.730484988452655,18.0,32.8,0.15312933025404157,67.79792147806005,866
24.729826589595376,17.3,33.3,0.23042774566473986,75.56647398843931,865
24.727441860465113,19.4,31.3,0.11009302325581397,83.07093023255814,860
24.711858006042295,10.0,41.4,0.055626888217522666,50.6404833836858,1324
24.684381338742394,17.0,32.3,0.06493914807302231,78.67951318458418,986
24.647099767981437,20.1,31.4,0.42625290023201856,94.45359628770302,862
24.53333333333333,18.2,28.2,0.53,66.0,3
24.52632794457275,17.3,30.4,0.328094688221709,87.49653579676675,866
24.502309468822173,6.0,41.1,0.0270554272517321,52.6662817551963,866
24.45646651270208,11.0,37.3,0.05323325635103926,66.71478060046189,866
24.3,24.3,24.3,1.55,93.0,1
24.298609501738124,20.1,32.0,0.1735457705677868,93.4611819235226,863
24.200346820809248,16.1,33.3,0.06609248554913295,56.657803468208094,865
24.2,24.2,24.2,0.0,56.0,1
24.189907192575408,15.0,33.3,0.18930394431554526,82.07656612529003,862
24.021784472769408,12.1,32.0,0.1347045191193511,93.71726535341831,863
23.964780600461893,18.0,31.3,0.012806004618937643,72.97806004618937,866
23.685895953757225,-1.6,42.5,0.021098265895953757,38.39653179190751,865
23.64976851851852,16.1,31.2,0.17612268518518517,84.93287037037037,864
23.6380787037037,-5.2,43.2,0.05905092592592593,36.32175925925926,864
23.57722543352601,14.5,36.3,0.01209248554913295,59.56878612716763,865
23.452037252619323,16.7,30.0,0.2571362048894063,87.58556461001164,859
23.360346820809248,7.1,33.1,0.0530635838150289,60.48323699421965,865
23.35907514450867,9.9,32.4,0.49783815028901734,59.797687861271676,865
23.3,23.3,23.3,0.0,61.0,1
23.262168396770473,-3.6,42.3,0.04508650519031141,33.424452133794695,867
23.23503480278422,7.3,31.0,0.04262180974477958,90.54060324825986,862
23.1,23.1,23.1,0.05,95.0,1
23.041339491916858,16.3,31.6,0.1598498845265589,61.71824480369515,866
23.002771362586607,12.0,35.4,0.09169745958429561,56.25288683602771,866
22.989017341040462,7.1,39.0,0.011745664739884393,50.017341040462426,865
22.938683602771363,11.3,37.4,0.08528868360277136,49.74364896073903,866
22.504950495049506,19.4,26.3,0.04383663366336634,93.71534653465346,404
22.295732410611304,8.2,36.3,0.043979238754325266,69.32179930795847,867
22.2595818815331,11.4,32.0,0.11925667828106852,95.97096399535424,861
22.181314878892735,11.9,29.4,0.03321799307958478,25.359861591695502,867
22.168329466357307,0.4,39.3,0.03765661252900232,49.94663573085847,862
22.10474537037037,6.1,40.6,0.022511574074074073,66.61111111111111,864
22.01840277777778,14.6,31.0,0.08555555555555555,84.46527777777777,864
21.75,14.2,29.3,0.14500000000000002,68.0,2
21.632369942196533,-1.0,42.3,0.02055491329479769,42.49710982658959,865
21.59907407407407,7.6,36.3,0.07957175925925926,46.2962962962963,864
21.518959537572258,2.0,41.1,0.013560693641618498,42.117919075144506,865
21.39710312862109,12.9,32.3,0.024090382387022016,85.79953650057938,863
21.35436241610738,9.7,37.2,0.055073825503355704,60.19328859060403,745
21.30392156862745,11.7,28.0,0.08455594002306806,43.463667820069205,867
21.022890173410403,5.5,33.4,0.09376878612716763,66.22543352601156,865
20.967861271676302,-1.7,38.4,0.05117919075144509,55.03815028901734,865
20.878662053056516,0.1,37.3,0.15492502883506343,60.520184544406,867
20.74722222222222,1.4,38.2,0.04880787037037037,66.04745370370371,864
20.6963133640553,13.1,28.4,0.09131336405529955,62.93087557603687,868
20.6,20.6,20.6,1.83,94.0,1
20.400711321873146,-11.5,39.9,0.026988737403675165,28.946058091286307,1687
19.983256351039262,-6.7,36.3,0.031200923787528867,26.178983833718245,866
19.820323325635105,-8.8,35.1,0.022274826789838335,39.83718244803695,866
19.79074074074074,-6.0,38.3,0.06625,42.80671296296296,864
19.73329479768786,-0.9,37.2,0.029734104046242774,60.667052023121386,865
19.728670520231212,-4.7,39.2,0.12030057803468208,57.001156069364164,865
19.270383275261324,11.1,27.0,0.08285714285714287,86.36585365853658,861
19.228060046189377,-0.8,34.2,0.05536951501154735,53.22170900692841,866
19.098034682080925,12.9,29.4,0.21715606936416185,55.391907514450864,865
19.0625,-4.9,40.2,0.17026620370370368,58.18171296296296,864
18.966200466200466,10.8,27.0,0.11390442890442891,86.03379953379954,858
18.963048498845264,-1.0,37.7,0.07003464203233256,68.18360277136259,866
18.950865051903115,-1.0,37.7,0.07103806228373702,68.20415224913495,867
18.663194444444443,4.1,35.2,0.04619212962962963,81.23958333333333,864
18.65510440835267,2.4,33.3,0.08523201856148492,63.082366589327144,862
18.262312138728323,-8.5,40.2,0.09077456647398843,42.80462427745665,865
18.25942196531792,-10.9,38.5,0.10409248554913296,59.51445086705202,865
18.11521486643438,13.7,26.9,0.004448315911730546,83.82578397212544,861
17.670915411355736,-4.0,37.4,0.05129779837775203,56.761297798377754,863
17.636720554272518,-13.0,39.3,0.044387990762124706,44.84295612009238,866
17.435185185185187,-0.3,35.6,0.07321759259259258,47.08796296296296,864
17.432676709154112,-4.8,33.1,0.10768250289687138,69.98957126303593,863
17.4,17.4,17.4,0.12,63.0,1
17.28731082654249,9.2,25.0,0.11521536670547147,89.98603026775321,859
17.224709302325582,-0.9,32.9,0.10248837209302325,76.53837209302326,1720
17.16277456647399,4.1,34.1,0.09084393063583815,77.46011560693641,865
17.021829762594095,-11.7,40.3,0.0625825130283729,60.198031268094965,1727
16.95732558139535,-10.9,41.4,0.05098837209302326,60.593023255813954,860
16.313048498845266,-2.6,38.7,0.04366050808314088,59.84757505773672,866
16.180902777777778,-9.8,40.2,0.04607638888888889,62.313657407407405,864
16.037152777777777,-11.5,36.7,0.10611111111111111,58.05902777777778,864
15.901270207852194,-9.9,40.7,0.08702078521939954,63.38683602771363,866
15.9,15.9,15.9,0.0,95.0,1
15.17358395989975,-9.8,40.9,0.08699248120300752,60.78796992481203,1995
15.11510957324106,-3.7,39.1,0.09760092272203,63.01499423298731,867
14.828538283062645,4.3,23.0,0.06878190255220418,69.11948955916473,862
14.658864426419468,-12.9,38.8,0.09490150637311703,70.2433371958285,863
14.350298210735586,-14.6,37.1,0.04851888667992048,64.05268389662028,1006
14.182407407407409,0.3,27.3,0.09144675925925927,82.33101851851852,864
14.18148148148148,-0.1,23.8,0.3145601851851852,61.623842592592595,864
13.929676674364897,-8.0,35.2,0.06184757505773672,66.7309468822171,866
13.9,13.5,14.3,0.05,81.0,2
13.836531791907515,0.3,27.2,0.09471676300578034,86.59768786127168,865
13.82057803468208,-5.7,36.8,0.08783815028901734,75.4300578034682,865
13.675028901734104,5.1,23.0,0.17172254335260115,78.35491329479768,865
13.476416184971098,-7.7,35.5,0.0652485549132948,67.51560693641619,865
13.378406466512702,-13.9,34.1,0.17886836027713626,75.58891454965358,866
13.14041570438799,-12.7,37.2,0.13846420323325634,72.11778290993071,866
12.85663608562691,-5.6,32.2,0.0721651376146789,77.55045871559633,1635
12.826874279123414,-21.3,37.2,0.051580161476355246,61.07727797001154,867
12.811431870669747,-4.9,29.7,0.08905311778290993,78.0,866
12.65659722222222,-4.0,32.8,0.07342592592592592,78.57175925925925,864
12.394803695150115,-10.7,33.3,0.06475750577367205,71.78752886836028,866
12.201730103806227,-17.7,35.2,0.05116493656286044,70.16493656286043,867
11.61875,-10.0,32.4,0.06956018518518518,72.39004629629629,864
11.3811123986095,-5.8,30.5,0.08045191193511009,78.81923522595596,863
11.342708333333334,-8.0,27.2,0.08012731481481482,76.7488425925926,864
11.058980301274623,-4.0,23.2,0.12542294322132097,82.69640787949015,863
10.913789107763616,-1.7,23.5,0.07077636152954808,75.3151796060255,863
10.906331877729258,-16.8,32.6,0.1355349344978166,79.18449781659389,916
10.662543352601157,-25.7,35.0,0.05788439306358382,57.776878612716764,865
10.46087962962963,-23.8,32.1,0.08246527777777778,75.92476851851852,864
10.402774566473989,-11.4,29.4,0.17077456647398845,81.34335260115607,865
10.391521486643438,6.7,18.9,0.07979094076655052,82.96747967479675,861
10.368439306358383,-15.7,28.2,0.06246242774566474,74.25433526011561,865
10.364277456647399,-26.9,32.4,0.0819421965317919,73.52254335260116,865
10.096416184971098,-23.9,31.2,0.11219653179190751,75.30173410404625,865
9.794328703703703,-17.6,32.3,0.0884375,75.47453703703704,864
9.61108695652174,-25.8,32.2,0.07970652173913044,69.53369565217392,920
9.49364896073903,-23.9,29.1,0.08056581986143187,75.3498845265589,866
9.429002320185615,-2.8,26.1,0.04892111368909513,87.60904872389791,862
9.065704387990762,-14.4,28.9,0.10431870669745959,65.47113163972287,866
8.415384615384616,-19.6,26.2,0.09365663322185062,77.44035674470457,897
6.609375,-25.0,29.2,0.18746527777777777,82.56481481481481,864
6.017687861271677,-29.8,34.3,0.04520231213872832,50.15722543352601,865
5.755208333333333,-25.4,18.1,0.16408564814814816,79.9050925925926,864
