Feature,Random_Forest_Importance,Permutation_Importance_Mean,Permutation_Importance_STD
lag_1,0.5651199171950634,1.0065497621285613,0.09330675269613355
rolling_7,0.3831445115638543,0.350310100246635,0.037644817108715346
lag_2,0.011200480016381855,-0.012549859510868799,0.01741071762406571
cos_day_of_year,0.011010835715695244,-0.02693559105568357,0.02654299194545898
rolling_14,0.010470446791777508,-0.03751688576505106,0.016357852955595876
lag_7,0.005005817506148067,0.021520147403343248,0.010643223211281146
lag_14,0.004421578201459491,-0.027092555887336722,0.015759182142746308
day_of_year,0.0031087693520204366,-0.0010180928806939437,0.004497925349470629
day_of_week,0.0030949456567343115,-0.0010903587965386042,0.021212153664221783
sin_day_of_year,0.0030788225335530825,0.003906629360926628,0.007935408018260474
month,0.00034387546731226646,-5.179922362463785e-06,0.0013330899605720824
