country,location_name,latitude,longitude,mean_temperature,mean_precipitation,mean_PM2_5,mean_PM10,mean_ozone,observations
Afghanistan,Kabul,34.51722967667437,69.18277032332564,19.983256351039262,0.031200923787528867,18.024705542504925,40.191102772243575,108.87655889145498,866
Albania,Tirana,41.327901734104046,19.819076763005782,19.728670520231212,0.12030057803468208,14.609456647839849,19.621618497220076,69.47549132947977,865
Algeria,Algiers,36.762604861111114,3.050504166666667,20.74722222222222,0.04880787037037037,18.192997686068217,32.878582175042894,60.32453703703704,864
Andorra,Andorra La Vella,42.5,1.5172296766743647,9.065704387990762,0.10431870669745959,4.793610855164209,8.871510393270444,68.39699769053118,866
Angola,Luanda,-8.838572863741339,13.23369376443418,25.255196304849886,0.0301270207852194,28.513106234684827,42.58714780468313,74.35692840646651,866
Antigua and Barbuda,Saint John's,17.11722447795824,-61.85000000000001,26.435730858468677,0.1138399071925754,10.656336195058447,21.468079812777844,52.675174013921115,862
Argentina,Buenos Aires,-34.58789930555555,-58.672100694444445,14.182407407407409,0.09144675925925927,10.846290510142293,12.453229165783636,33.09305555555556,864
Armenia,Yerevan,40.18092344110855,44.51302217090069,17.636720554272518,0.044387990762124706,12.444688222039378,20.176235565929986,63.031177829099306,866
Australia,Canberra,-35.28277352601156,149.21722647398846,15.122543352601156,0.0950057803468208,7.024618497054701,8.434040462427745,50.59190751445087,865
Australia,Melbourne,-37.818349999999995,144.96835,11.899999999999999,1.22,3.0,5.75,42.55,2
Austria,Vienna,48.2,16.36722647398844,13.476416184971098,0.0652485549132948,16.037121387172984,19.670104046463276,54.305433526011555,865
Azerbaijan,Baku,40.39604982658959,49.88184901734104,19.73329479768786,0.029734104046242774,16.188635838205414,37.72707514517018,84.67965317919075,865
Bahamas,Nassau,25.082774302325582,-77.35,25.025465116279072,0.22993023255813952,8.682174418271973,15.306441860465117,69.43511627906976,860
Bahrain,Manama,26.236725981524252,50.582602424942266,30.20311778290993,0.00371824480369515,63.75353925744601,175.30493649665533,104.54607390300231,866
Bangladesh,Dhaka,23.722605433526013,90.40882335260116,31.28369942196532,0.31173410404624274,61.894468208754,69.05674566473988,71.17595375722543,865
Barbados,Bridgetown,13.1,-59.61723090277778,27.037037037037038,0.14140046296296296,11.180750045114094,22.144934023883607,51.06840277777778,864
Belarus,Minsk,53.9,27.567230289017342,10.364277456647399,0.0819421965317919,12.961618496999575,15.680895953536723,51.79260115606936,865
Belgium,'S Gravenjansdijk,51.25,3.6324654292343386,14.261020881670534,0.08401392111368909,19.496241299303943,25.61064965197216,53.63201856148492,431
Belgium,'S Gravenjansdyk,51.25,3.6300000000000003,16.341666666666665,0.16083333333333333,2.4583333333333335,4.058333333333334,89.88333333333333,12
Belgium,'S Gravenstaffel,50.88,2.98,15.5625,0.18875,4.675,5.975,86.44375,16
Belgium,'S-Gravenbrakel,50.6,4.1333,11.403846153846153,0.052403846153846155,10.436426279605962,14.196490384615386,44.791666666666664,312
Belgium,Brussels,50.83277291666667,4.332772916666666,12.582175925925926,0.07,17.102251157848926,22.47215277866081,46.702083333333334,864
Belize,Belmopan,17.25,-88.76723275261324,22.2595818815331,0.11925667828106852,7.255177700459195,10.902314750844178,41.10360046457607,861
Benin,Porto-Novo,6.482773526011561,2.617226473988439,27.725086705202312,0.12317919075144508,24.428994220976193,42.064127168512066,48.32404624277457,865
Bhutan,Thimphu,27.482772916666665,89.6,14.18148148148148,0.3145601851851852,8.769548611111112,11.065243055114038,88.54965277777777,864
Bolivia,National,-11.18277046511628,-67.08277046511627,22.627906976744185,0.1131860465116279,16.165937210189465,18.851236046511627,20.29732558139535,860
Bolivia,Sucre,-19.042606162790698,-65.25932744186048,11.821511627906977,0.09179069767441861,6.659081395459729,8.302313953710156,48.639883720930236,860
Bosnia and Herzegovina,Sarajevo,43.85,18.382770323325634,13.14041570438799,0.13846420323325634,24.84942263290458,29.450814087649693,60.134872979214784,866
Botswana,Gaborone,-24.646978497109824,25.911594682080924,20.967861271676302,0.05117919075144509,15.453375724307374,16.963739885275075,59.39942196531792,865
Brazil,Bras,-2.082770465116279,-58.167229534883724,24.207906976744184,0.18963953488372093,9.244848837486533,10.823708139479438,34.71686046511628,860
Brazil,Sao Paulo,-23.53165,-46.61835,16.45,0.045,15.45,27.1,13.75,2
Brunei Darussalam,Bandar Seri Begawan,4.882772916666666,114.93277291666666,29.711574074074072,0.45917824074074076,15.063923611442249,16.755480324405212,47.68136574074074,864
Bulgaria,Bogot,43.31732531120332,24.7,17.648547717842323,0.07502074688796681,15.507690179806362,18.834771784232363,59.01258644536652,723
Bulgaria,Lom,43.81355503685503,23.23644496314496,13.135380835380836,0.08565110565110565,12.951044225809909,15.34802211325643,48.806633906633905,407
Bulgaria,Sofia,42.68277734104046,23.317222658959537,14.06393063583815,0.09763005780346821,20.10009248571451,25.273508670354854,57.732485549132946,865
Burkina Faso,Ouagadougou,12.37025219399538,-1.52395103926097,27.587528868360277,0.06212471131639723,36.54608545078692,187.42860277312457,54.86304849884527,866
Burundi,Bujumbura,-3.3767252595155712,29.36,25.18465974625144,0.16269896193771627,26.83298731257209,29.456262974898568,68.76724336793541,867
Bélgica,Bern,51.1,4.75,17.4,0.12,1.8,3.4,81.5,1
Cambodia,Phnom Penh,11.550000000000002,104.91722769409039,32.10625724217845,0.14074159907300116,25.509994207141297,28.962178447055926,62.49061413673233,863
Cambodia,Phnum Penh,11.55,104.91835,29.85,0.0,10.3,15.350000000000001,52.5,2
Cameroon,Aba,5.6,14.05,19.221686746987952,0.1455421686746988,6.186746987951807,8.842168674698796,29.120481927710845,83
Cameroon,Bafoussam,5.47,10.42,22.677777777777777,0.6633333333333333,1.7666666666666666,3.3833333333333333,15.766666666666667,18
Cameroon,Douala,4.050298958333333,9.7,25.470833333333335,0.1980902777777778,21.095434027777777,26.927881945437854,23.655208333333334,288
Cameroon,Ngaoundere,7.3174938679245285,13.582506132075473,25.3938679245283,0.23568396226415095,26.756875,63.70205188679245,57.54433962264151,424
Cameroon,Ninga,4.3167,10.5167,22.455555555555556,0.36833333333333335,3.0833333333333335,4.038888888888889,35.611111111111114,36
Cameroon,Yaounde,3.87,11.52,29.79375,0.31625,3.8000000000000003,5.55625,15.71875,16
Canada,Ottawa,45.41723090277778,-75.7,6.609375,0.18746527777777777,8.28871527776398,9.069953703579527,57.243171296296296,864
Cape Verde,Praia,14.931259237875288,-23.51209872979215,23.964780600461893,0.012806004618937643,23.739024253827594,75.37826212294932,68.97979214780601,866
Central African Republic,Bangui,4.367226473988439,18.58277352601156,27.05387283236994,0.12766473988439306,24.61001734137122,33.419445086043694,35.891445086705204,865
Chad,N'djamena,12.112602998846597,15.04932825836217,28.923644752018454,0.05792387543252595,42.148765857524936,158.4414590542099,54.32549019607843,867
Chile,Santiago,-33.45,-70.6672315179606,10.913789107763616,0.07077636152954808,134.01535921205098,151.4229605954768,38.03580533024334,863
China,Beijing,39.92907462340672,116.38856987253766,19.785515643105448,0.06632676709154114,115.64882387110421,139.2576129779838,38.119119351100814,863
China,Beijing Shi,39.93,116.39,24.3,0.0,54.9,58.2,44.0,1
Colombia,Bogota,4.6,-74.08165,13.9,0.05,14.75,15.8,6.3,2
Comoros,Moroni,-11.70353325608343,43.24025237543453,26.429084588644262,0.21826187717265355,8.49341251437385,12.957549246371414,56.364889918887606,863
Congo,Brazzaville,-4.2593279258400925,15.283948435689457,26.03348783314021,0.11827346465816917,26.600115874413127,29.903296640513258,56.5486674391657,863
Costa Rica,San Andres,9.7333,-84.0833,16.859663865546217,0.18831932773109245,6.447899159663865,7.59327731092437,20.19327731092437,119
Costa Rica,San Ignacio,9.800000000000002,-84.16760956719818,19.37266514806378,0.12485193621867882,11.550136674259681,13.803519362186789,48.877904328018225,439
Costa Rica,San Jose,9.9333,-84.0833,18.95105633802817,0.06102112676056337,9.250651411137111,9.994929580151195,41.524647887323944,284
Costa Rica,San Juan,9.97,-84.08,23.75,0.19875,19.8,21.85,6.4312499999999995,16
Cote d'Ivoire,Yamoussoukro,6.8167,-5.2833,22.504950495049506,0.04383663366336634,8.003997524752474,12.359170792551325,32.57178217821782,404
Croatia,Zagreb,45.79999999999999,16.0,14.658864426419468,0.09490150637311703,20.93648899188876,24.811564310876133,60.35272305909618,863
Cuba,Havana,23.13159361948956,-82.36352273781903,23.23503480278422,0.04262180974477958,9.64189675240395,14.231664733178654,62.15580046403713,862
Cyprus,Nicosia,35.167225866050806,33.36722586605081,24.502309468822173,0.0270554272517321,13.05348152468992,22.831859122622095,77.15484988452657,866
Czech Republic,Prague,50.08278055555556,14.467219444444444,11.61875,0.06956018518518518,16.320596064925194,19.569791667108184,51.773842592592594,864
Democratic Republic of Congo,Kinshasa,-4.3,15.300000000000002,25.89316338354577,0.11561993047508691,26.615648898746848,29.91474507620271,56.43314020857474,863
Denmark,Copenhagen,55.66722708333333,12.582772916666666,11.342708333333334,0.08012731481481482,10.037881944610012,14.132934027446641,58.09814814814815,864
Djibouti,Djibouti,11.595793742757822,43.148401622247974,31.515990730011588,0.02257242178447277,27.01203360326597,75.52842410196988,78.04194669756663,863
Dominica,Roseau,15.3,-61.39999999999999,26.608120649651973,0.12178654292343388,10.752778423158862,21.275189092914907,51.115313225058,862
Dominican Republic,Santo Domingo,18.467227694090383,-69.9,24.021784472769408,0.1347045191193511,13.002566628041714,18.973638471777996,38.32236384704519,863
Ecuador,Quito,-0.2172327526132404,-78.5,10.391521486643438,0.07979094076655052,9.79701509883318,10.665551684199032,34.06817653890825,861
Egypt,Cairo,30.05,31.25,25.393634259259258,0.0005208333333333333,32.29261574074074,59.538350692678385,62.57372685185185,864
El Salvador,San Salvador,13.70882328288708,-89.2026055878929,23.452037252619323,0.2571362048894063,20.40923748567024,23.059586727866193,58.387776484284046,859
Equatorial Guinea,Malabo,3.75,8.782770934256055,26.510611303344866,0.35074971164936564,11.602514417751713,19.989319492502887,47.03275663206459,867
Eritrea,Asmara,15.332770934256056,38.93277093425606,21.30392156862745,0.08455594002306806,18.83825836172841,57.02021915000203,73.69561707035756,867
Estonia,Tallinn,59.43327708333333,24.728403472222222,9.794328703703703,0.0884375,7.836423611552626,10.259525463514857,60.23113425925926,864
Estonie,Tallinn,59.43,24.73,23.3,0.0,17.6,19.0,135.9,1
Ethiopia,Addis Ababa,9.032779953650058,38.70000000000001,19.098261877172654,0.21725376593279258,25.186280416486436,58.64522595640959,68.1494785631518,863
Ethiopia,Addis Abeba,9.031649999999999,38.7,19.0,0.17500000000000002,10.2,46.150000000000006,71.25,2
Fiji Islands,Suva,-18.132770323325634,178.41722967667437,24.52632794457275,0.328094688221709,5.903787529198733,9.3228175517428,39.76004618937644,866
Finland,Helsinki,60.17630623556582,24.93352586605081,9.49364896073903,0.08056581986143187,6.82617782865881,9.744128175629754,57.88152424942263,866
France,Paris,48.867230289017336,2.332769710982659,13.82057803468208,0.08783815028901734,16.787236993337643,22.034676300578035,43.37838150289018,865
Gabon,Libreville,0.38277352601156067,9.45,26.280693641618495,0.1756300578034682,13.895028901293097,17.066300578916692,43.87167630057804,865
Gambia,Banjul,13.452607308584685,-16.577897331786545,24.93074245939675,0.18932714617169372,30.187830628220276,90.43464037477003,57.01983758700696,862
Georgia,Tbilisi,41.72579374275782,44.79067300115875,17.670915411355736,0.05129779837775203,13.37811123994383,22.023661645643955,58.81888760139049,863
Germany,Berlin,52.51722967667436,13.4,12.394803695150115,0.06475750577367205,14.356726327504076,18.558342956120093,51.0161662817552,866
Ghana,Accra,5.549999999999999,-0.21722906574394465,26.826297577854675,0.08131487889273356,15.75430219146482,29.174475201625448,52.949942329873124,867
Greece,Athens,37.97957946635731,23.716803944315547,22.168329466357307,0.03765661252900232,16.9348375874495,26.369889790962024,59.361948955916475,862
Grenada,Saint George's,12.05,-61.75,27.077093023255813,0.14332558139534884,11.77484418649008,22.78571046555985,49.53267441860465,860
Guatemala,Guatemala City,14.620924563445868,-90.5273944121071,17.28731082654249,0.11521536670547147,29.79015133832192,35.33961001164144,53.59033760186263,859
Guinea,Conakry,9.509328554913294,-13.71184647398844,25.949248554913293,0.42106358381502884,23.548936415743967,51.8060578028067,60.90612716763006,865
Guinea-Bissau,Bissau,11.85,-15.582769710982658,25.35791907514451,0.32098265895953754,31.393612714998984,77.82614450602448,47.69861271676301,865
Guyana,Georgetown,6.799999999999999,-58.16723213457077,24.647099767981437,0.42625290023201856,10.349941995359629,17.442053364047872,48.228306264501164,862
Haiti,Port-Au-Prince,18.539328852838935,-72.33580533024333,21.39710312862109,0.024090382387022016,35.18851680715833,42.18342410373798,67.97960602549247,863
Honduras,Tegucigalpa,14.1,-87.21722891986063,19.270383275261324,0.08285714285714287,11.649268292018345,14.787189313421127,50.47015098722416,861
Hungary,Bogot,47.25,16.8333,11.709285714285715,0.04635714285714286,11.335214287757873,13.80649999659402,52.457142857142856,140
Hungary,Budapest,47.5,19.082770323325636,14.777251732101616,0.04886836027713626,17.72045611965188,21.565392610140265,54.04515011547344,866
Iceland,Abaer,65.3,-18.8667,7.256302521008403,0.10798319327731092,2.3781512605042017,3.773949579831933,45.09243697478992,119
Iceland,Grindavik,63.830000000000005,-22.43,8.894444444444444,0.14722222222222223,0.9249999999999999,1.7666666666666666,75.44999999999999,36
Iceland,Reykjavik,64.15,-21.95,3.7389473684210524,0.14796491228070177,3.5367368422725742,6.457877192145899,69.17087719298246,285
Iceland,Vestmannaeyjar,63.36620283018868,-20.20810141509434,6.422641509433962,0.1920990566037736,4.380516509433962,12.137580188679244,72.18349056603773,424
Inde,New Delhi,28.6,77.2,31.2,0.0,34.6,63.5,91.6,1
India,New Delhi,28.6,77.2,30.64097222222222,0.06364583333333333,103.6891608813957,228.6015046596527,101.93229166666667,864
Indonesia,Bali,-0.13975,98.188,28.9,0.0,5.3,6.55,51.05,2
Indonesia,Jakarta,-6.2138616628175525,106.8458864896074,30.582217090069285,0.2618475750577367,129.53709584559908,143.7818533487298,58.98695150115473,866
Indonesia,Laos,-8.1821842410197,114.31899188876014,26.727346465816918,0.5745307068366164,22.507329085251683,26.405701043315723,65.17334878331403,863
Indonesia,Surabaya,-7.2496,112.7504,29.950000000000003,0.0,15.100000000000001,19.200000000000003,91.8,2
Iran,Chi Chi Khvar,36.26208333333334,46.59,17.99051094890511,0.03587591240875912,21.11502919800844,76.16254864695009,97.71192214111922,822
Iran,Tehran,35.72672670520232,51.330335722543346,22.691098265895953,0.01854335260115607,50.30370520319415,87.08475145037877,59.847167630057804,865
Iraq,Baghdad,33.33882445213379,44.39327474048443,29.725259515570933,0.016620530565167244,34.27571510605334,74.339233008432,63.516608996539794,867
Ireland,Dublin,53.33260428736964,-6.249075898030128,11.058980301274623,0.12542294322132097,8.792966396070991,17.2370046348837,56.661645422943224,863
Israel,Jerusalem,31.78,35.23,22.989017341040462,0.011745664739884393,19.272595375943045,40.614040462427745,83.70312138728323,865
Italy,Rome,41.9,12.48277413394919,18.963048498845264,0.07003464203233256,15.890392609699768,22.00700923677405,56.82147806004619,866
Jamaica,Bournemouth Gardens,17.9667,-76.7667,26.052083333333332,0.043333333333333335,12.864583333333334,20.145833333333332,32.104166666666664,48
Jamaica,Kingston,18.0,-76.8,26.12969696969697,0.10248484848484848,11.302696973164876,15.204590913714783,38.843333333333334,330
Jamaica,Newport East,17.9667,-76.8,25.396551724137932,0.0406896551724138,13.06551724137931,21.26206896551724,33.37931034482759,29
Jamaica,Norman Gardens,17.97,-76.75,30.33055555555556,0.11861111111111113,10.491666666666667,14.461111111111112,38.40555555555555,36
Jamaica,Port Royal,17.93249857142857,-76.85,26.871666666666666,0.19819047619047617,13.422785714285714,21.032071428571427,57.12428571428572,420
Japan,Tokyo,35.68958016147636,139.6914274509804,20.878662053056516,0.15492502883506343,37.829723184270975,42.52108419618529,44.23713956170703,867
Jemen,Sanaa,15.35,44.21,26.1,0.2,25.0,78.2,91.6,1
Jordan,Amman,31.95,35.93276971098266,21.518959537572258,0.013560693641618498,20.62494797798113,45.188572256981296,85.141387283237,865
Kazakhstan,Astana,51.18092450867052,71.42815098265896,10.662543352601157,0.05788439306358382,11.24561849644832,13.993867054007646,61.98624277456647,865
Kenya,Mombasa,-4.05,39.668350000000004,26.5,0.05,5.15,7.45,53.05,2
Kenya,Nairobi,-1.2827703233256351,36.81722967667436,20.682909930715937,0.09140877598152425,19.57070438788064,24.364006928626715,68.385103926097,866
Kiribati,Tarawa,-0.8827767361111112,169.53277673611112,28.08263888888889,0.1120023148148148,8.974600694499633,15.242523148368905,24.641087962962963,864
Komoren,Moroni,-12.35,43.85,25.2,0.0,2.6,11.8,47.2,1
Kosovo,Pristina,42.671350000000004,21.16845,21.75,0.14500000000000002,7.550000000000001,10.0,70.55,2
Kuwait,Kuwait,29.37,47.98,44.4,0.0,176.7,1221.2,148.8,1
Kuwait,Kuwait City,29.367227083333336,47.96,31.604976851851852,0.008032407407407408,91.70761573897468,383.4413599819607,75.85000000000001,864
Kyrghyzstan,Bishkek,42.872605433526005,74.60025213872834,18.262312138728323,0.09077456647398843,18.322601156730872,26.239283236773716,79.51387283236994,865
Lao People's Democratic Republic,Vientiane,17.96835,102.6,28.55,1.005,14.9,16.5,77.9,2
Latvia,Riga,56.95,24.1,10.46087962962963,0.08246527777777778,12.453761574405211,16.390873842702973,55.399421296296296,864
Lebanon,Beirut,33.87159687861271,35.50974786127168,23.360346820809248,0.0530635838150289,27.752699421965318,45.7305838150289,74.40820809248555,865
Lesotho,Maseru,-29.317227083333336,27.482772916666665,17.435185185185187,0.07321759259259258,22.489583329801206,24.282899306438587,65.85763888888889,864
Letonia,Riga,56.95,24.1,20.6,1.83,2.5,2.7,73.7,1
Liberia,Monrovia,6.310504277456647,-10.803950173410405,25.68092485549133,0.3952369942196532,17.11545086710715,28.61287283225969,48.09537572254335,865
Libya,Tripoli,32.89125,13.18,26.35,0.0,25.799999999999997,51.45,91.25,2
Liechtenstein,Vaduz,47.13277352601156,9.51722647398844,10.402774566473989,0.17077456647398845,7.337566474208941,9.233485548691942,57.02104046242774,865
Lithuania,Vilnius,54.68277352601156,25.31722647398844,10.096416184971098,0.11219653179190751,10.807861271841679,13.617543352490905,54.72705202312139,865
Luxembourg,Luxembourg,49.61143012746234,6.13,11.3811123986095,0.08045191193511009,13.29738702245825,16.648557356285192,50.903823870220165,863
Macedonia,Skopje,42.0,21.432774302325583,16.95732558139535,0.05098837209302326,22.51585465094101,27.028732558583105,58.058604651162796,860
Madagascar,Antananarivo,-18.917229676674364,47.51722967667436,22.65300230946882,0.06262124711316397,7.100173210271787,8.668088914659778,56.044572748267896,866
Madagascar,Ivory,-24.36768711790393,46.45,28.604803493449783,0.04240174672489083,5.864331877729258,7.730796943231441,52.97336244541484,458
Malawi,Lilongwe,-13.982770323325637,33.782770323325636,23.002771362586607,0.09169745958429561,10.637961893764434,12.104618937644343,59.13718244803695,866
Malaysia,Kuala Lumpur,3.167230289017341,101.7,30.65942196531792,0.5829826589595375,55.42018497198028,60.42432369942197,56.067052023121384,865
Maldives,Dhidhdhoo,6.882896977025394,73.1,27.91995163240629,0.21957678355501814,12.207829939151473,18.332155235839437,65.09480048367594,827
Maldives,Felidhoo,3.48,73.53,28.79705882352941,0.3297058823529412,1.8911764705882352,6.326470588235294,30.547058823529408,34
Maldives,Male,4.16835,73.5,28.55,0.31,2.15,4.9,35.4,2
Mali,Bamako,12.65,-8.0,26.284161849710983,0.08963005780346821,26.703341041344437,82.23035837885686,47.716416184971095,865
Malta,Valletta,35.899748096885816,14.513946482122261,22.295732410611304,0.043979238754325266,14.871089966497895,28.655577855111268,84.02606689734718,867
Malásia,Ivory Ivory Ban,4.63,118.37,24.3,1.55,1.8,2.3,18.8,1
Marrocos,Morocco City,31.63,-8.0,40.3,0.0,8.2,41.5,79.4,1
Marshall Islands,Majuro,7.1,171.38277032332564,28.350461893764436,0.33515011547344115,5.59251963081536,8.977877598152425,31.366166281755195,866
Mauritania,Nouakchott,18.08697849710983,-15.976055260115608,23.57722543352601,0.01209248554913295,65.3815375775464,304.7054913259517,58.894104046242774,865
Mauritius,Port Louis,-20.161594682080924,57.499076763005775,26.246011560693642,0.0790635838150289,8.157040461986739,13.188017340599458,52.11132947976879,865
Mexico,Mexico City,19.428740139211136,-99.12806821345708,14.828538283062645,0.06878190255220418,43.20168213634092,45.7810904863539,33.64709976798144,862
Mexique,Mexico (Grupo Mexico),27.42,-109.93,27.4,0.0,10.3,16.6,32.5,1
Micronesia,Palikir,6.917227694090382,158.15,28.285863267670916,0.3840092699884125,5.86497219006239,9.481128621254983,31.731402085747394,863
Monaco,Monaco,43.732775522041756,7.417224477958237,18.65510440835267,0.08523201856148492,9.029176335213078,12.701380509998296,70.59048723897912,862
Mongolia,Ulaanbaatar,47.91722647398844,106.91722647398845,6.017687861271677,0.04520231213872832,20.125832370052446,25.742502890724666,74.48173410404624,865
Montenegro,Podgorica,42.440924305555555,19.263025,19.0625,0.17026620370370368,14.34267361133187,17.928472222222222,62.515972222222224,864
Morocco,Rabat,34.02604525462963,-6.836718402777778,18.663194444444443,0.04619212962962963,14.309079861111112,26.170925928133506,69.08414351851852,864
Mozambique,Maputo,-25.966054387990763,32.58932840646651,24.45646651270208,0.05323325635103926,11.078273672055428,14.768637412734176,53.826096997690534,866
Myanmar,Abazu,17.6167,96.73330000000001,27.97872340425532,0.9546808510638297,6.480851063829788,8.685106382978724,69.63829787234043,47
Myanmar,Namawbin,24.2333,95.4833,28.130555555555556,0.8180555555555555,5.4944444444444445,6.558333333333334,66.25,36
Myanmar,Pathein,16.78,94.73,28.80625,0.7693749999999999,2.475,4.325,17.94375,16
Myanmar,Rangoon,16.78307426710098,96.16692573289903,31.61661237785016,0.23644951140065149,27.778241041102707,30.036840390258195,61.02019543973942,307
Myanmar,Yangon,16.782506132075472,96.16749386792453,30.52193396226415,0.5030424528301887,29.527287735849058,35.70698113207547,83.25117924528301,424
Myanmar,Yanngwa,11.1167,98.8,29.511111111111113,0.21555555555555556,3.591666666666667,6.069444444444445,41.888888888888886,36
Namibia,Windhoek,-22.57142909930716,17.081849422632796,19.820323325635105,0.022274826789838335,6.211749422632795,7.670490762234835,64.41408775981525,866
Nepal,Kathmandu,27.71722647398844,85.31722647398843,23.35907514450867,0.49783815028901734,41.574502891055424,53.53899422053519,119.27606936416186,865
Netherlands,Amsterdam,52.37336258660508,4.889747806004619,12.811431870669747,0.08905311778290993,15.947517321346538,21.969780600461895,42.00750577367206,866
New Zealand,Wellington,-41.3,174.78276971098268,13.675028901734104,0.17172254335260115,6.398445086815454,9.500803467546584,49.69341040462428,865
Nicaragua,Managua,12.150671627906977,-86.26857279069766,24.727441860465113,0.11009302325581397,8.344860465116279,10.63813953532729,51.74174418604651,860
Niger,Niamey,13.587549191685913,1.9609205542725174,28.81651270207852,0.08846420323325635,27.012015009785358,89.53016742239373,49.97794457274827,866
Nigeria,Abuja,9.176474133949192,7.180671593533487,26.407274826789838,0.1351501154734411,46.252038105795066,100.68972286594382,55.623787528868355,866
North Korea,Pyongyang,39.01949583333334,125.75394930555557,16.037152777777777,0.10611111111111111,31.70010416843273,39.74672453703703,66.1105324074074,864
Norway,Lom,61.8333,8.55,7.051515151515151,0.09727272727272727,1.6606060606060604,2.433333333333333,51.60606060606061,33
Norway,Oslo,59.91722708333333,10.75,8.46747685185185,0.09351851851851851,9.474612268490924,13.107719907435001,49.77835648148148,864
Oman,Muscat,23.612770323325638,58.59277032332563,31.830715935334876,0.003602771362586605,36.295241342134894,108.33443301835621,78.7459584295612,866
Pakistan,Islamabad,33.7,73.16722708333334,28.802662037037038,0.09579861111111111,48.34961805555555,68.1273032619335,90.88969907407407,864
Palau,Aakip,7.361900000000001,134.5122,28.769444444444446,0.37555555555555553,10.573611111111111,14.70972222222222,53.80555555555556,72
Palau,Achelap,7.6333,134.6375,28.465957446808513,0.42446808510638295,11.546808510638298,16.3,54.57446808510638,47
Palau,Adkip,7.360000000000001,134.51,26.505000000000003,0.176,0.52,0.8699999999999999,14.084999999999999,20
Palau,Airai,7.357830188679245,134.55809056603772,28.063072776280322,0.41638814016172504,7.1158598382749325,11.286407008086252,38.97520215633423,371
Palau,Koror,7.3327825443786985,134.4827825443787,28.934615384615384,0.4191715976331361,4.258136094674557,6.206139053959819,39.524556213017746,338
Palau,Meyungs,7.35,134.45,27.0,0.25125000000000003,0.99375,2.74375,23.2625,16
Panama,Panama City,8.967231517960602,-79.5327684820394,25.514368482039398,0.1824217844727694,7.510822711692624,9.751054461402937,45.60208574739281,863
Papua New Guinea,Port Moresby,-9.463951039260971,147.19210161662818,26.840993071593534,0.41802540415704387,8.353787529529104,11.458475749476127,42.39110854503464,866
Paraguay,Aguaray,-19.85,-58.51669999999999,23.299999999999997,0.12106741573033708,10.142522471910112,10.28197191011236,48.82022471910113,178
Paraguay,Asuncion,-25.268349999999998,-57.668350000000004,15.0,0.0,4.25,8.25,37.0,2
Paraguay,Aurora,-23.43250425531915,-61.33250425531915,19.720330969267142,0.09404255319148937,14.245716312056738,17.418924349881795,49.277304964539006,423
Paraguay,Carreria,-21.55,-58.118152,26.564,0.10039999999999999,10.424000000000001,10.572000000000001,33.711999999999996,25
Paraguay,Garrapata,-19.7,-58.7167,21.363157894736844,0.053082706766917294,7.3159281222407975,7.512860452350817,43.93984962406015,133
Paraguay,Pasto,-19.45,-61.15,22.348000000000003,0.0016,6.207999999999999,6.428,24.112,25
Paraguay,Sartorio,-21.9833,-58.4333,20.273417721518985,0.12873417721518987,7.63012658227848,7.893417721518988,50.54430379746835,79
Peru,Lima,-12.05,-77.05,18.11521486643438,0.004448315911730546,21.086620208173123,35.261527293401315,42.29605110336818,861
Philippines,Kiyabo,14.6,120.98,30.3,0.12,28.5,36.4,1.1,1
Philippines,Manila,14.603534027777778,120.98185115740742,30.41863425925926,0.3585069444444444,26.088130786154007,31.05357060207261,62.144560185185185,864
Poland,Warsaw,52.25,21.0,12.201730103806227,0.05116493656286044,22.78826412896109,27.000051903554176,51.13886966551327,867
Polônia,Moldova,53.33,21.62,27.7,0.0,2.5,2.6,86.6,1
Portugal,Lisbon,38.71722265895954,-9.132777341040462,17.16277456647399,0.09084393063583815,15.397462427745666,24.394306358822508,57.74751445086705,865
Qatar,Doha,25.28723090277778,51.53276909722222,32.97175925925926,0.002824074074074074,56.50872684655366,166.0177256873802,103.26412037037036,864
Romania,Bucharest,44.43277291666667,26.1,16.180902777777778,0.04607638888888889,23.414033564704436,27.949658564814815,49.071875,864
Russia,Chi-Chi-Erh,51.70000000000001,94.45,-12.490243902439024,0.015609756097560976,9.347560975609756,11.632926829268293,72.3170731707317,41
Russia,Lom,59.13,44.29999999999999,22.474999999999998,0.06916666666666667,1.5666666666666667,1.6166666666666665,71.35833333333333,12
Russia,Moscow,55.75184688221709,37.61630623556582,10.463856812933026,0.08297921478060045,42.00161662817552,52.989543880348116,28.61281755196305,866
Russia,Saint Petersburg,59.89,30.26,22.9,0.0,0.9,1.5,62.9,1
Rwanda,Kigali,-1.9530263279445728,30.060504387990765,23.041339491916858,0.1598498845265589,27.50228060046189,30.035663973167367,62.72482678983833,866
Saint Kitts and Nevis,Basseterre,17.3,-62.71723090277778,26.713310185185183,0.1278125,8.991190972663738,17.991662038803103,53.17800925925926,864
Saint Lucia,Castries,14.0,-61.0,27.03121387283237,0.1419190751445087,11.382914450426046,22.677780343292763,51.0035838150289,865
Saint Vincent and the Grenadines,Kingstown,13.132772305909619,-61.21722769409038,27.28180764774044,0.13556199304750868,11.02848968675598,21.668248667941306,50.749362688296635,863
Saint-Vincent-et-les-Grenadines,Kingstown,13.13,-61.22,27.8,0.13,1.8,4.7,25.0,1
Samoa,Apia,-13.83277046511628,-171.7327704651163,26.04860465116279,0.2885348837209302,5.90846744208225,10.112645349502564,38.74337209302326,860
San Marino,City Of San Marino,43.93,12.45,31.3,0.0,14.3,17.1,128.8,1
San Marino,San Marino,43.93278317865429,12.45,17.416589327146173,0.10780742459396753,14.55772262159467,19.51800452414687,70.76252900232019,862
Saudi Arabia,Riyadh,24.640672369942198,46.77235329479769,31.122196531791907,0.0026358381502890175,134.27756069011357,1130.879826476698,71.02901734104046,865
Saudi Arabien,Ar Riyadh,24.64,46.77,45.0,0.0,22.3,80.9,115.9,1
Senegal,Dakar,14.670671741637832,-17.43840461361015,24.528604382929643,0.052006920415224915,33.296580164116286,112.1827969941136,65.9484429065744,867
Senegal,Mbabane,14.4833,-15.2667,25.819327731092436,0.15915966386554622,13.684873949579831,29.61764705882353,36.50420168067227,119
Serbia,Belgrade,44.80336258660508,20.465880831408775,15.901270207852194,0.08702078521939954,23.43109122445897,28.206605081492153,56.09803695150116,866
Seychelles Islands,Victoria,-4.617227694090382,55.45000000000001,28.630822711471613,0.12352259559675549,8.542288528389339,14.261052142800764,45.121205098493625,863
Sierra Leone,Freetown,8.49,-13.23353325608343,25.752723059096173,0.5092584009269988,21.66160486685442,44.03326767091541,56.93812282734646,863
Singapore,Singapore,1.2926024249422632,103.85647413394919,29.96016166281755,0.3508891454965358,21.19653002375543,24.85002886814003,43.45519630484988,866
Slovakia,Bratislava,48.15,17.11722586605081,13.929676674364897,0.06184757505773672,16.154745958374498,19.021281755086182,54.050000000000004,866
Slovenia,Ljubljana,46.05605438799076,14.51369376443418,13.378406466512702,0.17886836027713626,21.690785218959043,26.025138567468588,52.97193995381062,866
Solomon Islands,Honiara,-9.432770323325634,159.95,27.331293302540416,0.44471131639722866,3.150212471462012,4.321087760035491,26.89295612009238,866
Somalia,Mogadishu,2.0672270833333335,45.36722708333333,28.485185185185188,0.03364583333333333,11.140659722222223,17.70226851940155,52.435069444444444,864
South Africa,Pretoria,-25.747397575057736,28.18832101616628,19.228060046189377,0.05536951501154735,38.28981524601819,40.832921483346,71.05969976905311,866
South Korea,Seoul,37.56697433526012,126.99974786127167,18.25942196531792,0.10409248554913296,42.70490751555339,50.091098264572935,43.98832369942197,865
Spain,Madrid,40.4,-3.682774133949192,16.313048498845266,0.04366050808314088,14.676229791597185,20.911760969756656,42.33187066974596,866
Sri Lanka,Colombo,6.931597228637413,79.8481505773672,30.054387990762123,0.44166281755196307,23.653637413835416,29.894849883865813,69.72124711316397,866
Sudan,Juba,12.15,24.45,28.09513325608343,0.014171494785631518,41.866488993656866,201.3294727623366,55.57983777520278,863
Sudan,Khartoum,15.588403472222224,32.53352916666667,31.491435185185182,0.015578703703703702,42.118599535270974,150.78771990387528,70.2542824074074,864
Suriname,Paramaribo,5.832772305909618,-55.16722769409038,24.298609501738124,0.1735457705677868,8.618864426253706,13.6144495943275,41.724449594438006,863
Swaziland,Mbabane,-26.317311275167786,31.132688724832214,21.35436241610738,0.055073825503355704,18.32967113991552,20.36575167631623,60.38604026845638,745
Sweden,Stockholm,59.33277352601156,18.05,10.368439306358383,0.06246242774566474,6.448260116047942,10.424173410184121,57.56473988439306,865
Switzerland,Bern,46.91722586605081,7.467225866050809,11.505196304849884,0.13592378752886836,11.776928406136141,15.66678983855743,51.99341801385682,866
Switzerland,S-Chanf,46.6167,9.9833,0.534,0.1288,4.76642,6.3152800000000004,66.0,50
Syria,Damascus,33.5,36.3,21.632369942196533,0.02055491329479769,22.42198265763652,40.535502884881346,70.88254335260116,865
Südkorea,Seoul,37.57,127.0,26.1,0.22,70.2,74.9,0.0,1
Tajikistan,Dushanbe,38.56,68.77327708333333,23.6380787037037,0.05905092592592593,17.401284722222222,34.37898148170224,72.7724537037037,864
Tanzania,Dodoma,-6.182769710982659,35.75,24.200346820809248,0.06609248554913295,9.054566474153816,10.443028901678979,51.93202312138728,865
Thailand,Bangkok,13.75,100.51722265895954,31.947976878612717,0.12726011560693642,29.998965317919076,36.163543353042165,62.63479768786127,865
Thailand,Nan,18.782774133949193,100.78277413394919,30.253695150115476,0.35132794457274824,21.13394226338957,23.143959583855118,59.435912240184756,866
Timor-Leste,Dili,-8.558822505800464,125.57302784222738,26.362993039443158,0.3448723897911833,7.448486079328851,9.611798144072777,50.01113689095128,862
Togo,Lome,6.13095,1.2214,27.1,0.1,6.2,9.350000000000001,46.75,2
Tonga,Nuku'alofa,-21.13165,-175.2,23.049999999999997,0.005,5.1000000000000005,10.55,61.85,2
Tonga,Nuku`Aloia,-21.1327716937355,-175.2,23.651160092807423,0.17651972157772622,8.345777262180976,14.303821345707657,51.06392111368909,862
Trinidad and Tobago,Port Of Spain,10.65,-61.517231517960596,25.136964078794904,0.19130938586326768,9.421020857584434,17.04213093924937,47.39177288528389,863
Tunisia,Tunis,36.80235277777778,10.179747916666667,22.10474537037037,0.022511574074074073,17.234016203703703,33.20336805555556,66.23831018518518,864
Turkey,Ankara,39.92764722222222,32.86369722222222,16.02800925925926,0.05333333333333333,23.64862268507481,32.85557291633553,52.3869212962963,864
Turkey,Yaren,39.54999999999999,27.617223870220165,18.016801853997684,0.07184241019698726,21.034188875903396,27.127786790819044,64.60822711471612,863
Turkmenistan,Ashgabat,37.95,58.38277352601156,23.685895953757225,0.021098265895953757,18.35912138904726,40.97345664916286,54.31375722543353,865
Turkménistan,Krasnyy Turkmenistan,37.7,65.37,37.8,0.0,6.7,32.6,105.9,1
Tuvalu,Funafuti,-8.517230289017341,179.21723028901732,28.734682080924856,0.35295953757225434,5.955428901513601,9.877268207871984,30.92867052023121,865
USA United States of America,Grenada,33.78,-89.81,28.2,0.0,6.1,7.0,14.7,1
USA United States of America,Moroni,39.53,-111.59,18.2,0.0,4.8,8.9,57.2,1
USA United States of America,Palau,7.5,134.57,27.2,1.59,0.5,0.9,15.7,1
Uganda,Kampala,0.31630115473441106,32.56630115473441,24.730484988452655,0.15312933025404157,30.692188221929253,33.84043879874584,57.11374133949192,866
Ukraine,Kyiv,50.43277093425606,30.517229065743948,12.826874279123414,0.051580161476355246,14.440196078513871,18.279971165101557,51.36482122260669,867
United Arab Emirates,Abu Dhabi,24.467229676674364,54.36722967667437,32.545496535796765,0.00040415704387990767,56.03551385769393,123.6522055409632,85.31339491916859,866
United Kingdom,London,51.51755983796296,-0.10680254629629629,12.65659722222222,0.07342592592592592,13.825318287037037,19.568732638888886,49.002430555555556,864
United States of America,Grenada,33.7832,-89.807,22.2,0.0,10.2,10.7,81.0,1
United States of America,Moroni,39.5268,-111.585,18.3,0.0,10.0,20.6,75.0,1
United States of America,New York,40.712799999999994,-74.00760000000001,21.633333333333336,0.0,9.033333333333333,10.033333333333333,59.300000000000004,3
United States of America,Palau,7.4966,134.574,26.1,0.46,1.4,2.3,38.0,1
United States of America,Washington Harbor,48.07931428571429,-123.04334285714285,9.32095238095238,0.0496547619047619,6.33832142902556,8.01514880952381,60.42511904761905,840
United States of America,Washington Park,46.6,-120.49,10.41875,0.0,1.775,2.3875,48.1,16
Uruguay,Montevideo,-34.85840531791907,-56.170671445086704,13.836531791907515,0.09471676300578034,11.141635837709284,14.45637572320486,43.97849710982659,865
Uzbekistan,Tashkent,41.31722906574394,69.25,23.262168396770473,0.04508650519031141,22.039325259845562,31.7106862747298,63.86782006920416,867
Vanuatu,Port Vila,-17.732774133949192,168.31722586605082,24.94618937644342,0.2252078521939954,8.83154734422098,14.650324480149267,48.406697459584294,866
Vatican City,Vatican City,41.90335870818916,12.452519031141867,18.950865051903115,0.07103806228373702,15.969694348327566,22.222572086558625,56.7358708189158,867
Venezuela,Caracas,10.5,-66.91723090277777,22.01840277777778,0.08555555555555555,14.029282407517785,17.684415508596985,45.316435185185185,864
Vietnam,Ban Lom,21.132585401459853,104.70000000000002,26.342822384428224,0.28846715328467154,32.80498296836983,36.91037226277373,81.145498783455,411
Vietnam,Hanoi,21.03277352601156,105.85,28.087398843930636,0.2774913294797688,69.48949132859777,75.70867052199523,76.33341040462427,865
Vietnam,Ho Chi Minh City,10.75,106.66835,29.95,0.065,62.65,76.55000000000001,50.0,2
Vietnam,S. Manian,11.2667,108.2333,28.935714285714283,0.0033333333333333335,15.402380952380952,18.43095238095238,64.38095238095238,42
Yemen,Sanaa,15.353951903114186,44.20722525951557,22.181314878892735,0.03321799307958478,23.153990772339714,90.67804497565915,84.7439446366782,867
Zambia,Lusaka,-15.417229676674365,28.282770323325636,22.938683602771363,0.08528868360277136,11.809797921257811,13.870092378642763,67.20173210161663,866
Zimbabwe,Harare,-17.818148842592592,31.043954745370367,21.59907407407407,0.07957175925925926,19.064375000662274,20.78845486144225,65.16724537037037,864
Гватемала,New Guatemala,14.62,-90.53,15.9,0.0,40.8,68.8,2.2,1
Польша,Beirut,51.12,17.53,24.2,0.0,2.5,2.6,86.6,1
Турция,Yaren,39.55,27.62,34.0,0.0,11.3,14.2,123.0,1
كولومبيا,Costa Rica,6.43,-70.92,23.1,0.05,0.5,0.5,4.4,1
火鸡,-Kingdom,38.85,34.65,29.7,0.0,3.0,3.4,85.1,1
